{
  "test_id": "optimization_20250226_101036",
  "timestamp": "20250226_101036",
  "strategy_class": "SupertrendIndicator",
  "metric_name": "sharpe_ratio",
  "higher_is_better": true,
  "total_combinations": 9,
  "best_params": {
    "atr_length": 20,
    "factor": 4.0,
    "config_path": "src/tests/fixtures/indicator_settings.json",
    "initial_capital": 10000.0,
    "position_size_pct": 10.0,
    "commission_pct": 0.1,
    "slippage_pct": 0.05,
    "max_positions": 1
  },
  "best_metrics": {
    "total_return_pct": -0.3188131301845143,
    "annualized_return_pct": -0.7740069131453087,
    "win_rate": 0.6666666666666666,
    "max_drawdown": 1.7028443263727784,
    "sharpe_ratio": -0.46565147452499533,
    "total_trades": 3,
    "profitable_trades": 2,
    "avg_profit_trade": 65.22924813091002,
    "avg_loss_trade": -162.3398092802735,
    "largest_win": 69.70470566530209,
    "largest_loss": -162.3398092802735,
    "avg_trade_duration_hours": 792.0,
    "profit_factor": 0.8036137090477199
  },
  "all_results": [
    {
      "params": {
        "atr_length": 20,
        "factor": 4.0,
        "config_path": "src/tests/fixtures/indicator_settings.json",
        "initial_capital": 10000.0,
        "position_size_pct": 10.0,
        "commission_pct": 0.1,
        "slippage_pct": 0.05,
        "max_positions": 1
      },
      "metrics": {
        "total_return_pct": -0.3188131301845143,
        "annualized_return_pct": -0.7740069131453087,
        "win_rate": 0.6666666666666666,
        "max_drawdown": 1.7028443263727784,
        "sharpe_ratio": -0.46565147452499533,
        "total_trades": 3,
        "profitable_trades": 2,
        "avg_profit_trade": 65.22924813091002,
        "avg_loss_trade": -162.3398092802735,
        "largest_win": 69.70470566530209,
        "largest_loss": -162.3398092802735,
        "avg_trade_duration_hours": 792.0,
        "profit_factor": 0.8036137090477199
      }
    },
    {
      "params": {
        "atr_length": 14,
        "factor": 4.0,
        "config_path": "src/tests/fixtures/indicator_settings.json",
        "initial_capital": 10000.0,
        "position_size_pct": 10.0,
        "commission_pct": 0.1,
        "slippage_pct": 0.05,
        "max_positions": 1
      },
      "metrics": {
        "total_return_pct": -0.9896554344533071,
        "annualized_return_pct": -2.391106047782321,
        "win_rate": 0.6666666666666666,
        "max_drawdown": 1.7009898488398967,
        "sharpe_ratio": -1.3303254641009046,
        "total_trades": 3,
        "profitable_trades": 2,
        "avg_profit_trade": 31.140869298668775,
        "avg_loss_trade": -161.24728204266785,
        "largest_win": 33.77388215836965,
        "largest_loss": -161.24728204266785,
        "avg_trade_duration_hours": 872.0,
        "profit_factor": 0.3862498505919442
      }
    },
    {
      "params": {
        "atr_length": 10,
        "factor": 4.0,
        "config_path": "src/tests/fixtures/indicator_settings.json",
        "initial_capital": 10000.0,
        "position_size_pct": 10.0,
        "commission_pct": 0.1,
        "slippage_pct": 0.05,
        "max_positions": 1
      },
      "metrics": {
        "total_return_pct": -1.0954159931813368,
        "annualized_return_pct": -2.644619857425201,
        "win_rate": 0.6666666666666666,
        "max_drawdown": 1.700989848839897,
        "sharpe_ratio": -1.4386221760763804,
        "total_trades": 3,
        "profitable_trades": 2,
        "avg_profit_trade": 25.766721054752438,
        "avg_loss_trade": -161.07504142763878,
        "largest_win": 33.737805679056734,
        "largest_loss": -161.07504142763878,
        "avg_trade_duration_hours": 920.0,
        "profit_factor": 0.3199343712890226
      }
    },
    {
      "params": {
        "atr_length": 20,
        "factor": 3.0,
        "config_path": "src/tests/fixtures/indicator_settings.json",
        "initial_capital": 10000.0,
        "position_size_pct": 10.0,
        "commission_pct": 0.1,
        "slippage_pct": 0.05,
        "max_positions": 1
      },
      "metrics": {
        "total_return_pct": -1.0811023545130638,
        "annualized_return_pct": -2.610332009001526,
        "win_rate": 0.6666666666666666,
        "max_drawdown": 1.7121232161040931,
        "sharpe_ratio": -1.485115858041219,
        "total_trades": 3,
        "profitable_trades": 2,
        "avg_profit_trade": 30.13825018466301,
        "avg_loss_trade": -168.38673582063223,
        "largest_win": 35.813100628342106,
        "largest_loss": -168.38673582063223,
        "avg_trade_duration_hours": 856.0,
        "profit_factor": 0.35796465841307923
      }
    },
    {
      "params": {
        "atr_length": 14,
        "factor": 3.0,
        "config_path": "src/tests/fixtures/indicator_settings.json",
        "initial_capital": 10000.0,
        "position_size_pct": 10.0,
        "commission_pct": 0.1,
        "slippage_pct": 0.05,
        "max_positions": 1
      },
      "metrics": {
        "total_return_pct": -1.3057449891675788,
        "annualized_return_pct": -3.147636207441318,
        "win_rate": 0.6666666666666666,
        "max_drawdown": 1.7121232161041051,
        "sharpe_ratio": -1.7005968639300506,
        "total_trades": 3,
        "profitable_trades": 2,
        "avg_profit_trade": 18.71491717050325,
        "avg_loss_trade": -168.00433325776513,
        "largest_win": 24.407843899772292,
        "largest_loss": -168.00433325776513,
        "avg_trade_duration_hours": 944.0,
        "profit_factor": 0.22279088649206907
      }
    },
    {
      "params": {
        "atr_length": 10,
        "factor": 3.0,
        "config_path": "src/tests/fixtures/indicator_settings.json",
        "initial_capital": 10000.0,
        "position_size_pct": 10.0,
        "commission_pct": 0.1,
        "slippage_pct": 0.05,
        "max_positions": 1
      },
      "metrics": {
        "total_return_pct": -1.4046657694017473,
        "annualized_return_pct": -3.383681565603014,
        "win_rate": 0.6666666666666666,
        "max_drawdown": 1.7121232161040925,
        "sharpe_ratio": -1.798023389658709,
        "total_trades": 3,
        "profitable_trades": 2,
        "avg_profit_trade": 13.684683188547043,
        "avg_loss_trade": -167.83594331726906,
        "largest_win": 24.38338003445273,
        "largest_loss": -167.83594331726906,
        "avg_trade_duration_hours": 968.0,
        "profit_factor": 0.16307213959143627
      }
    },
    {
      "params": {
        "atr_length": 20,
        "factor": 2.0,
        "config_path": "src/tests/fixtures/indicator_settings.json",
        "initial_capital": 10000.0,
        "position_size_pct": 10.0,
        "commission_pct": 0.1,
        "slippage_pct": 0.05,
        "max_positions": 1
      },
      "metrics": {
        "total_return_pct": -2.4486606941508393,
        "annualized_return_pct": -5.854216297416281,
        "win_rate": 0.0,
        "max_drawdown": 2.467111480395251,
        "sharpe_ratio": -3.2747029980426623,
        "total_trades": 3,
        "profitable_trades": 0,
        "avg_profit_trade": 0,
        "avg_loss_trade": -81.62202313836137,
        "largest_win": 0,
        "largest_loss": -197.01829807406847,
        "avg_trade_duration_hours": 920.0,
        "profit_factor": 0.0
      }
    },
    {
      "params": {
        "atr_length": 14,
        "factor": 2.0,
        "config_path": "src/tests/fixtures/indicator_settings.json",
        "initial_capital": 10000.0,
        "position_size_pct": 10.0,
        "commission_pct": 0.1,
        "slippage_pct": 0.05,
        "max_positions": 1
      },
      "metrics": {
        "total_return_pct": -2.6207672855302233,
        "annualized_return_pct": -6.257877883237661,
        "win_rate": 0.0,