{
  "test_id": "optimization_20250226_074325",
  "timestamp": "20250226_074325",
  "strategy_class": "SupertrendIndicator",
  "metric_name": "sharpe_ratio",
  "higher_is_better": true,
  "total_combinations": 9,
  "best_params": {
    "atr_length": 10,
    "factor": 4.0,
    "config_path": "src/tests/fixtures/indicator_settings.json",
    "initial_capital": 10000.0,
    "position_size_pct": 10.0,
    "commission_pct": 0.1,
    "slippage_pct": 0.05,
    "max_positions": 1
  },
  "best_metrics": {
    "total_return_pct": -0.34831298870160454,
    "annualized_return_pct": -0.8454469510264406,
    "win_rate": 0.6666666666666666,
    "max_drawdown": 1.5501577444445178,
    "sharpe_ratio": -0.4881233780018284,
    "total_trades": 3,
    "profitable_trades": 2,
    "avg_profit_trade": 56.39445412715235,
    "avg_loss_trade": -147.62020712446494,
    "largest_win": 58.65955039579282,
    "largest_loss": -147.62020712446494,
    "avg_trade_duration_hours": 864.0,
    "profit_factor": 0.7640478932481617
  },
  "all_results": [
    {
      "params": {
        "atr_length": 10,
        "factor": 4.0,
        "config_path": "src/tests/fixtures/indicator_settings.json",
        "initial_capital": 10000.0,
        "position_size_pct": 10.0,
        "commission_pct": 0.1,
        "slippage_pct": 0.05,
        "max_positions": 1
      },
      "metrics": {
        "total_return_pct": -0.34831298870160454,
        "annualized_return_pct": -0.8454469510264406,
        "win_rate": 0.6666666666666666,
        "max_drawdown": 1.5501577444445178,
        "sharpe_ratio": -0.4881233780018284,
        "total_trades": 3,
        "profitable_trades": 2,
        "avg_profit_trade": 56.39445412715235,
        "avg_loss_trade": -147.62020712446494,
        "largest_win": 58.65955039579282,
        "largest_loss": -147.62020712446494,
        "avg_trade_duration_hours": 864.0,
        "profit_factor": 0.7640478932481617
      }
    },
    {
      "params": {
        "atr_length": 14,
        "factor": 4.0,
        "config_path": "src/tests/fixtures/indicator_settings.json",
        "initial_capital": 10000.0,
        "position_size_pct": 10.0,
        "commission_pct": 0.1,
        "slippage_pct": 0.05,
        "max_positions": 1
      },
      "metrics": {
        "total_return_pct": -0.3486976997299829,
        "annualized_return_pct": -0.8463784085308679,
        "win_rate": 0.6666666666666666,
        "max_drawdown": 1.5501577444445125,
        "sharpe_ratio": -0.49258811335167646,
        "total_trades": 3,
        "profitable_trades": 2,
        "avg_profit_trade": 56.37493362761364,
        "avg_loss_trade": -147.61963722822537,
        "largest_win": 58.62071836619251,
        "largest_loss": -147.61963722822537,
        "avg_trade_duration_hours": 824.0,
        "profit_factor": 0.7637863726823272
      }
    },
    {
      "params": {
        "atr_length": 20,
        "factor": 3.0,
        "config_path": "src/tests/fixtures/indicator_settings.json",
        "initial_capital": 10000.0,
        "position_size_pct": 10.0,
        "commission_pct": 0.1,
        "slippage_pct": 0.05,
        "max_positions": 1
      },
      "metrics": {
        "total_return_pct": -1.1504533775099524,
        "annualized_return_pct": -2.7763938512374797,
        "win_rate": 0.6666666666666666,
        "max_drawdown": 1.9026585733245343,
        "sharpe_ratio": -1.6322095367564904,
        "total_trades": 3,
        "profitable_trades": 2,
        "avg_profit_trade": 31.553650724063676,
        "avg_loss_trade": -178.15263919912354,
        "largest_win": 48.2868338893348,
        "largest_loss": -178.15263919912354,
        "avg_trade_duration_hours": 864.0,
        "profit_factor": 0.35423163940665225
      }
    },
    {
      "params": {
        "atr_length": 14,
        "factor": 3.0,
        "config_path": "src/tests/fixtures/indicator_settings.json",
        "initial_capital": 10000.0,
        "position_size_pct": 10.0,
        "commission_pct": 0.1,
        "slippage_pct": 0.05,
        "max_positions": 1
      },
      "metrics": {
        "total_return_pct": -1.3459828538610052,
        "annualized_return_pct": -3.243692976942336,
        "win_rate": 0.6666666666666666,
        "max_drawdown": 1.902658573324548,
        "sharpe_ratio": -1.872579442274405,
        "total_trades": 3,
        "profitable_trades": 2,
        "avg_profit_trade": 21.6009793747905,
        "avg_loss_trade": -177.80024413568236,
        "largest_win": 28.41080683623208,
        "largest_loss": -177.80024413568236,
        "avg_trade_duration_hours": 888.0,
        "profit_factor": 0.24298031175150053
      }
    },
    {
      "params": {
        "atr_length": 10,
        "factor": 3.0,
        "config_path": "src/tests/fixtures/indicator_settings.json",
        "initial_capital": 10000.0,
        "position_size_pct": 10.0,
        "commission_pct": 0.1,
        "slippage_pct": 0.05,
        "max_positions": 1
      },
      "metrics": {
        "total_return_pct": -1.4520062141880619,
        "annualized_return_pct": -3.4965255991878608,
        "win_rate": 0.6666666666666666,
        "max_drawdown": 1.9026585733245382,
        "sharpe_ratio": -1.9914012493179978,
        "total_trades": 3,
        "profitable_trades": 2,
        "avg_profit_trade": 16.204270498088057,
        "avg_loss_trade": -177.60916241498253,
        "largest_win": 17.633285117011365,
        "largest_loss": -177.60916241498253,
        "avg_trade_duration_hours": 936.0,
        "profit_factor": 0.18247110991072515
      }
    },
    {
      "params": {
        "atr_length": 20,
        "factor": 2.0,
        "config_path": "src/tests/fixtures/indicator_settings.json",
        "initial_capital": 10000.0,
        "position_size_pct": 10.0,
        "commission_pct": 0.1,
        "slippage_pct": 0.05,
        "max_positions": 1
      },
      "metrics": {
        "total_return_pct": -2.277329035669884,
        "annualized_return_pct": -5.45135708130945,
        "win_rate": 0.3333333333333333,
        "max_drawdown": 2.48270231658977,
        "sharpe_ratio": -3.1509896326651767,
        "total_trades": 3,
        "profitable_trades": 1,
        "avg_profit_trade": 9.513212386786318,
        "avg_loss_trade": -118.6230579768874,
        "largest_win": 9.513212386786318,
        "largest_loss": -204.60730636396576,
        "avg_trade_duration_hours": 904.0,
        "profit_factor": 0.040098495811159575
      }
    },
    {
      "params": {
        "atr_length": 20,
        "factor": 4.0,
        "config_path": "src/tests/fixtures/indicator_settings.json",
        "initial_capital": 10000.0,
        "position_size_pct": 10.0,
        "commission_pct": 0.1,
        "slippage_pct": 0.05,
        "max_positions": 1
      },
      "metrics": {
        "total_return_pct": -1.4597378474297318,
        "annualized_return_pct": -3.5149478882627316,
        "win_rate": 0.0,
        "max_drawdown": 1.534646089601938,
        "sharpe_ratio": -3.2809486571127047,
        "total_trades": 1,
        "profitable_trades": 0,
        "avg_profit_trade": 0,
        "avg_loss_trade": -145.97378474297403,
        "largest_win": 0,
        "largest_loss": -145.97378474297403,
        "avg_trade_duration_hours": 816.0,
        "profit_factor": 0.0
      }
    },
    {
      "params": {
        "atr_length": 14,
        "factor": 2.0,
        "config_path": "src/tests/fixtures/indicator_settings.json",
        "initial_capital": 10000.0,
        "position_size_pct": 10.0,
        "commission_pct": 0.1,
        "slippage_pct": 0.05,
        "max_positions": 1
      },
      "metrics": {
        "total_return_pct": -2.550553159968494,
        "annualized_return_pct": -6.093319916018103,
        "win_rate": 0.3333333333333333,