{
  "test_id": "optimization_20250225_190658",
  "timestamp": "20250225_190658",
  "strategy_class": "SupertrendIndicator",
  "metric_name": "sharpe_ratio",
  "higher_is_better": true,
  "total_combinations": 9,
  "best_params": {
    "atr_length": 10,
    "factor": 4.0,
    "config_path": "src/tests/fixtures/indicator_settings.json",
    "initial_capital": 10000.0,
    "position_size_pct": 10.0,
    "commission_pct": 0.1,
    "slippage_pct": 0.05,
    "max_positions": 1
  },
  "best_metrics": {
    "total_return_pct": -0.4140221426934154,
    "annualized_return_pct": -1.0044663937504916,
    "win_rate": 0.6666666666666666,
    "max_drawdown": 1.6947004649175752,
    "sharpe_ratio": -0.5793229331584615,
    "total_trades": 3,
    "profitable_trades": 2,
    "avg_profit_trade": 64.3282131236195,
    "avg_loss_trade": -170.05864051658148,
    "largest_win": 71.47517947733975,
    "largest_loss": -170.05864051658148,
    "avg_trade_duration_hours": 808.0,
    "profit_factor": 0.7565415427079957
  },
  "all_results": [
    {
      "params": {
        "atr_length": 10,
        "factor": 4.0,
        "config_path": "src/tests/fixtures/indicator_settings.json",
        "initial_capital": 10000.0,
        "position_size_pct": 10.0,
        "commission_pct": 0.1,
        "slippage_pct": 0.05,
        "max_positions": 1
      },
      "metrics": {
        "total_return_pct": -0.4140221426934154,
        "annualized_return_pct": -1.0044663937504916,
        "win_rate": 0.6666666666666666,
        "max_drawdown": 1.6947004649175752,
        "sharpe_ratio": -0.5793229331584615,
        "total_trades": 3,
        "profitable_trades": 2,
        "avg_profit_trade": 64.3282131236195,
        "avg_loss_trade": -170.05864051658148,
        "largest_win": 71.47517947733975,
        "largest_loss": -170.05864051658148,
        "avg_trade_duration_hours": 808.0,
        "profit_factor": 0.7565415427079957
      }
    },
    {
      "params": {
        "atr_length": 14,
        "factor": 3.0,
        "config_path": "src/tests/fixtures/indicator_settings.json",
        "initial_capital": 10000.0,
        "position_size_pct": 10.0,
        "commission_pct": 0.1,
        "slippage_pct": 0.05,
        "max_positions": 1
      },
      "metrics": {
        "total_return_pct": -0.956385398278925,
        "annualized_return_pct": -2.3112756530242584,
        "win_rate": 0.6666666666666666,
        "max_drawdown": 1.9046141425738188,
        "sharpe_ratio": -1.302651152294143,
        "total_trades": 3,
        "profitable_trades": 2,
        "avg_profit_trade": 47.54485999720429,
        "avg_loss_trade": -190.72825982230364,
        "largest_win": 53.14761992474736,
        "largest_loss": -190.72825982230364,
        "avg_trade_duration_hours": 856.0,
        "profit_factor": 0.4985612519246026
      }
    },
    {
      "params": {
        "atr_length": 20,
        "factor": 3.0,
        "config_path": "src/tests/fixtures/indicator_settings.json",
        "initial_capital": 10000.0,
        "position_size_pct": 10.0,
        "commission_pct": 0.1,
        "slippage_pct": 0.05,
        "max_positions": 1
      },
      "metrics": {
        "total_return_pct": -1.0088954684294604,
        "annualized_return_pct": -2.437254355000529,
        "win_rate": 0.6666666666666666,
        "max_drawdown": 1.9046141425738503,
        "sharpe_ratio": -1.4101864183593762,
        "total_trades": 3,
        "profitable_trades": 2,
        "avg_profit_trade": 44.868797176273944,
        "avg_loss_trade": -190.62714119549233,
        "largest_win": 47.81773077562548,
        "largest_loss": -190.62714119549233,
        "avg_trade_duration_hours": 808.0,
        "profit_factor": 0.47074930563282175
      }
    },
    {
      "params": {
        "atr_length": 10,
        "factor": 3.0,
        "config_path": "src/tests/fixtures/indicator_settings.json",
        "initial_capital": 10000.0,
        "position_size_pct": 10.0,
        "commission_pct": 0.1,
        "slippage_pct": 0.05,
        "max_positions": 1
      },
      "metrics": {
        "total_return_pct": -1.2488535155029235,
        "annualized_return_pct": -3.0117277346026317,
        "win_rate": 0.6666666666666666,
        "max_drawdown": 1.904410638378741,
        "sharpe_ratio": -1.7094695192069738,
        "total_trades": 3,
        "profitable_trades": 2,
        "avg_profit_trade": 32.63985125188213,
        "avg_loss_trade": -190.1650540540575,
        "largest_win": 38.914888747765396,
        "largest_loss": -190.1650540540575,
        "avg_trade_duration_hours": 856.0,
        "profit_factor": 0.3432791730767076
      }
    },
    {
      "params": {
        "atr_length": 20,
        "factor": 2.0,
        "config_path": "src/tests/fixtures/indicator_settings.json",
        "initial_capital": 10000.0,
        "position_size_pct": 10.0,
        "commission_pct": 0.1,
        "slippage_pct": 0.05,
        "max_positions": 1
      },
      "metrics": {
        "total_return_pct": -2.379753009554586,
        "annualized_return_pct": -5.692312616411154,
        "win_rate": 0.3333333333333333,
        "max_drawdown": 2.61952630121571,
        "sharpe_ratio": -3.1926267263172816,
        "total_trades": 3,
        "profitable_trades": 1,
        "avg_profit_trade": 6.9909752369277935,
        "avg_loss_trade": -122.48313809619303,
        "largest_win": 6.9909752369277935,
        "largest_loss": -223.78951253238975,
        "avg_trade_duration_hours": 880.0,
        "profit_factor": 0.02853852107968274
      }
    },
    {
      "params": {
        "atr_length": 10,
        "factor": 2.0,
        "config_path": "src/tests/fixtures/indicator_settings.json",
        "initial_capital": 10000.0,
        "position_size_pct": 10.0,
        "commission_pct": 0.1,
        "slippage_pct": 0.05,
        "max_positions": 1
      },
      "metrics": {
        "total_return_pct": -2.6194522792241104,
        "annualized_return_pct": -6.254797518973499,
        "win_rate": 0.0,
        "max_drawdown": 2.6461720857674136,
        "sharpe_ratio": -3.388226764938205,
        "total_trades": 3,
        "profitable_trades": 0,
        "avg_profit_trade": 0,
        "avg_loss_trade": -87.31507597413713,
        "largest_win": 0,
        "largest_loss": -223.240013997327,
        "avg_trade_duration_hours": 952.0,
        "profit_factor": 0.0
      }
    },
    {
      "params": {
        "atr_length": 14,
        "factor": 2.0,
        "config_path": "src/tests/fixtures/indicator_settings.json",
        "initial_capital": 10000.0,
        "position_size_pct": 10.0,
        "commission_pct": 0.1,
        "slippage_pct": 0.05,
        "max_positions": 1
      },
      "metrics": {
        "total_return_pct": -2.6194522792241104,
        "annualized_return_pct": -6.254797518973499,
        "win_rate": 0.0,
        "max_drawdown": 2.6461720857674136,
        "sharpe_ratio": -3.388226764938205,
        "total_trades": 3,
        "profitable_trades": 0,
        "avg_profit_trade": 0,
        "avg_loss_trade": -87.31507597413713,
        "largest_win": 0,
        "largest_loss": -223.240013997327,
        "avg_trade_duration_hours": 952.0,
        "profit_factor": 0.0
      }
    },
    {
      "params": {
        "atr_length": 20,
        "factor": 4.0,
        "config_path": "src/tests/fixtures/indicator_settings.json",
        "initial_capital": 10000.0,
        "position_size_pct": 10.0,
        "commission_pct": 0.1,
        "slippage_pct": 0.05,
        "max_positions": 1
      },
      "metrics": {
        "total_return_pct": -1.641390962277911,
        "annualized_return_pct": -3.9471797626385863,
        "win_rate": 0.0,
        "max_drawdown": 1.6846457097149825,
        "sharpe_ratio": -4.143899114060594,