{
  "test_id": "optimization_20250226_102405",
  "timestamp": "20250226_102405",
  "strategy_class": "SupertrendIndicator",
  "metric_name": "sharpe_ratio",
  "higher_is_better": true,
  "total_combinations": 9,
  "best_params": {
    "atr_length": 14,
    "factor": 4.0,
    "config_path": "src/tests/fixtures/indicator_settings.json",
    "initial_capital": 10000.0,
    "position_size_pct": 10.0,
    "commission_pct": 0.1,
    "slippage_pct": 0.05,
    "max_positions": 1
  },
  "best_metrics": {
    "total_return_pct": 0.04464566014916738,
    "annualized_return_pct": 0.10867253507427233,
    "win_rate": 0.6666666666666666,
    "max_drawdown": 1.5058855653542615,
    "sharpe_ratio": 0.07201215061821291,
    "total_trades": 3,
    "profitable_trades": 2,
    "avg_profit_trade": 76.21027875325797,
    "avg_loss_trade": -147.95599149159946,
    "largest_win": 77.97432217325523,
    "largest_loss": -147.95599149159946,
    "avg_trade_duration_hours": 792.0,
    "profit_factor": 1.0301749592558402
  },
  "all_results": [
    {
      "params": {
        "atr_length": 14,
        "factor": 4.0,
        "config_path": "src/tests/fixtures/indicator_settings.json",
        "initial_capital": 10000.0,
        "position_size_pct": 10.0,
        "commission_pct": 0.1,
        "slippage_pct": 0.05,
        "max_positions": 1
      },
      "metrics": {
        "total_return_pct": 0.04464566014916738,
        "annualized_return_pct": 0.10867253507427233,
        "win_rate": 0.6666666666666666,
        "max_drawdown": 1.5058855653542615,
        "sharpe_ratio": 0.07201215061821291,
        "total_trades": 3,
        "profitable_trades": 2,
        "avg_profit_trade": 76.21027875325797,
        "avg_loss_trade": -147.95599149159946,
        "largest_win": 77.97432217325523,
        "largest_loss": -147.95599149159946,
        "avg_trade_duration_hours": 792.0,
        "profit_factor": 1.0301749592558402
      }
    },
    {
      "params": {
        "atr_length": 10,
        "factor": 4.0,
        "config_path": "src/tests/fixtures/indicator_settings.json",
        "initial_capital": 10000.0,
        "position_size_pct": 10.0,
        "commission_pct": 0.1,
        "slippage_pct": 0.05,
        "max_positions": 1
      },
      "metrics": {
        "total_return_pct": -0.5751314275941333,
        "annualized_return_pct": -1.39372290108557,
        "win_rate": 0.6666666666666666,
        "max_drawdown": 1.6969677936310916,
        "sharpe_ratio": -0.8262449910690585,
        "total_trades": 3,
        "profitable_trades": 2,
        "avg_profit_trade": 54.552619040621494,
        "avg_loss_trade": -166.61838084065644,
        "largest_win": 56.84614979158343,
        "largest_loss": -166.61838084065644,
        "avg_trade_duration_hours": 848.0,
        "profit_factor": 0.654821139965251
      }
    },
    {
      "params": {
        "atr_length": 20,
        "factor": 3.0,
        "config_path": "src/tests/fixtures/indicator_settings.json",
        "initial_capital": 10000.0,
        "position_size_pct": 10.0,
        "commission_pct": 0.1,
        "slippage_pct": 0.05,
        "max_positions": 1
      },
      "metrics": {
        "total_return_pct": -1.152000821500898,
        "annualized_return_pct": -2.7800973202543933,
        "win_rate": 0.6666666666666666,
        "max_drawdown": 2.065979158708825,
        "sharpe_ratio": -1.6909677469754698,
        "total_trades": 3,
        "profitable_trades": 2,
        "avg_profit_trade": 40.164904556490825,
        "avg_loss_trade": -195.52989126307196,
        "largest_win": 65.11479588088532,
        "largest_loss": -195.52989126307196,
        "avg_trade_duration_hours": 800.0,
        "profit_factor": 0.4108313495909607
      }
    },
    {
      "params": {
        "atr_length": 10,
        "factor": 3.0,
        "config_path": "src/tests/fixtures/indicator_settings.json",
        "initial_capital": 10000.0,
        "position_size_pct": 10.0,
        "commission_pct": 0.1,
        "slippage_pct": 0.05,
        "max_positions": 1
      },
      "metrics": {
        "total_return_pct": -1.772659523831166,
        "annualized_return_pct": -4.258813574084819,
        "win_rate": 0.6666666666666666,
        "max_drawdown": 2.0649272028563885,
        "sharpe_ratio": -2.499397369940429,
        "total_trades": 3,
        "profitable_trades": 2,
        "avg_profit_trade": 8.51811114447997,
        "avg_loss_trade": -194.30217467207686,
        "largest_win": 14.82462340265856,
        "largest_loss": -194.30217467207686,
        "avg_trade_duration_hours": 904.0,
        "profit_factor": 0.08767900986034725
      }
    },
    {
      "params": {
        "atr_length": 14,
        "factor": 3.0,
        "config_path": "src/tests/fixtures/indicator_settings.json",
        "initial_capital": 10000.0,
        "position_size_pct": 10.0,
        "commission_pct": 0.1,
        "slippage_pct": 0.05,
        "max_positions": 1
      },
      "metrics": {
        "total_return_pct": -1.749804048820991,
        "annualized_return_pct": -4.204597172055546,
        "win_rate": 0.6666666666666666,
        "max_drawdown": 2.087950639008842,
        "sharpe_ratio": -2.5269717850252222,
        "total_trades": 3,
        "profitable_trades": 2,
        "avg_profit_trade": 9.683489948103587,
        "avg_loss_trade": -194.34738477830706,
        "largest_win": 19.03217942100368,
        "largest_loss": -194.34738477830706,
        "avg_trade_duration_hours": 880.0,
        "profit_factor": 0.09965135326260847
      }
    },
    {
      "params": {
        "atr_length": 20,
        "factor": 2.0,
        "config_path": "src/tests/fixtures/indicator_settings.json",
        "initial_capital": 10000.0,
        "position_size_pct": 10.0,
        "commission_pct": 0.1,
        "slippage_pct": 0.05,
        "max_positions": 1
      },
      "metrics": {
        "total_return_pct": -1.8343146416952338,
        "annualized_return_pct": -4.404978028446315,
        "win_rate": 0.3333333333333333,
        "max_drawdown": 2.1691763453565036,
        "sharpe_ratio": -2.6550142132643786,
        "total_trades": 3,
        "profitable_trades": 1,
        "avg_profit_trade": 20.85499722290149,
        "avg_loss_trade": -102.14323069621238,
        "largest_win": 20.85499722290149,
        "largest_loss": -194.18021551668713,
        "avg_trade_duration_hours": 888.0,
        "profit_factor": 0.10208702564405386
      }
    },
    {
      "params": {
        "atr_length": 14,
        "factor": 2.0,
        "config_path": "src/tests/fixtures/indicator_settings.json",
        "initial_capital": 10000.0,
        "position_size_pct": 10.0,
        "commission_pct": 0.1,
        "slippage_pct": 0.05,
        "max_positions": 1
      },
      "metrics": {
        "total_return_pct": -1.9911516534083407,
        "annualized_return_pct": -4.776195408083639,
        "win_rate": 0.3333333333333333,
        "max_drawdown": 2.170910346153599,
        "sharpe_ratio": -2.7804207800407648,
        "total_trades": 3,
        "profitable_trades": 1,
        "avg_profit_trade": 4.84491236648519,
        "avg_loss_trade": -101.9800388536592,
        "largest_win": 4.84491236648519,
        "largest_loss": -193.8699783434398,
        "avg_trade_duration_hours": 952.0,
        "profit_factor": 0.02375421906554484
      }
    },
    {
      "params": {
        "atr_length": 10,
        "factor": 2.0,
        "config_path": "src/tests/fixtures/indicator_settings.json",
        "initial_capital": 10000.0,
        "position_size_pct": 10.0,
        "commission_pct": 0.1,
        "slippage_pct": 0.05,
        "max_positions": 1
      },
      "metrics": {
        "total_return_pct": -2.716098038092074,