{
  "test_id": "optimization_20250226_101847",
  "timestamp": "20250226_101847",
  "strategy_class": "SupertrendIndicator",
  "metric_name": "sharpe_ratio",
  "higher_is_better": true,
  "total_combinations": 9,
  "best_params": {
    "atr_length": 10,
    "factor": 4.0,
    "config_path": "src/tests/fixtures/indicator_settings.json",
    "initial_capital": 10000.0,
    "position_size_pct": 10.0,
    "commission_pct": 0.1,
    "slippage_pct": 0.05,
    "max_positions": 1
  },
  "best_metrics": {
    "total_return_pct": -0.09741186629760312,
    "annualized_return_pct": -0.23687008574430068,
    "win_rate": 0.6666666666666666,
    "max_drawdown": 1.5270696038958032,
    "sharpe_ratio": -0.1297574501231717,
    "total_trades": 3,
    "profitable_trades": 2,
    "avg_profit_trade": 69.8952132989786,
    "avg_loss_trade": -149.53161322771706,
    "largest_win": 73.45492848815864,
    "largest_loss": -149.53161322771706,
    "avg_trade_duration_hours": 840.0,
    "profit_factor": 0.9348553364770745
  },
  "all_results": [
    {
      "params": {
        "atr_length": 10,
        "factor": 4.0,
        "config_path": "src/tests/fixtures/indicator_settings.json",
        "initial_capital": 10000.0,
        "position_size_pct": 10.0,
        "commission_pct": 0.1,
        "slippage_pct": 0.05,
        "max_positions": 1
      },
      "metrics": {
        "total_return_pct": -0.09741186629760312,
        "annualized_return_pct": -0.23687008574430068,
        "win_rate": 0.6666666666666666,
        "max_drawdown": 1.5270696038958032,
        "sharpe_ratio": -0.1297574501231717,
        "total_trades": 3,
        "profitable_trades": 2,
        "avg_profit_trade": 69.8952132989786,
        "avg_loss_trade": -149.53161322771706,
        "largest_win": 73.45492848815864,
        "largest_loss": -149.53161322771706,
        "avg_trade_duration_hours": 840.0,
        "profit_factor": 0.9348553364770745
      }
    },
    {
      "params": {
        "atr_length": 20,
        "factor": 3.0,
        "config_path": "src/tests/fixtures/indicator_settings.json",
        "initial_capital": 10000.0,
        "position_size_pct": 10.0,
        "commission_pct": 0.1,
        "slippage_pct": 0.05,
        "max_positions": 1
      },
      "metrics": {
        "total_return_pct": -1.063015751022145,
        "annualized_return_pct": -2.5669959766238315,
        "win_rate": 0.6666666666666666,
        "max_drawdown": 1.8726483357747408,
        "sharpe_ratio": -1.4849036554645483,
        "total_trades": 3,
        "profitable_trades": 2,
        "avg_profit_trade": 38.52661266429568,
        "avg_loss_trade": -183.35480043080537,
        "largest_win": 58.60255128010582,
        "largest_loss": -183.35480043080537,
        "avg_trade_duration_hours": 840.0,
        "profit_factor": 0.4202411125727237
      }
    },
    {
      "params": {
        "atr_length": 14,
        "factor": 3.0,
        "config_path": "src/tests/fixtures/indicator_settings.json",
        "initial_capital": 10000.0,
        "position_size_pct": 10.0,
        "commission_pct": 0.1,
        "slippage_pct": 0.05,
        "max_positions": 1
      },
      "metrics": {
        "total_return_pct": -1.2044660440005073,
        "annualized_return_pct": -2.905612197734042,
        "win_rate": 0.6666666666666666,
        "max_drawdown": 1.8728173256160312,
        "sharpe_ratio": -1.6468491980066364,
        "total_trades": 3,
        "profitable_trades": 2,
        "avg_profit_trade": 31.323026756046367,
        "avg_loss_trade": -183.09265791214258,
        "largest_win": 40.165870524181614,
        "largest_loss": -183.09265791214258,
        "avg_trade_duration_hours": 880.0,
        "profit_factor": 0.3421549188616486
      }
    },
    {
      "params": {
        "atr_length": 10,
        "factor": 3.0,
        "config_path": "src/tests/fixtures/indicator_settings.json",
        "initial_capital": 10000.0,
        "position_size_pct": 10.0,
        "commission_pct": 0.1,
        "slippage_pct": 0.05,
        "max_positions": 1
      },
      "metrics": {
        "total_return_pct": -1.305244638101044,
        "annualized_return_pct": -3.1464414042754907,
        "win_rate": 0.6666666666666666,
        "max_drawdown": 1.808225721550632,
        "sharpe_ratio": -1.779522293389403,
        "total_trades": 3,
        "profitable_trades": 2,
        "avg_profit_trade": 19.631009580959038,
        "avg_loss_trade": -169.78648297202446,
        "largest_win": 29.09420896352766,
        "largest_loss": -169.78648297202446,
        "avg_trade_duration_hours": 888.0,
        "profit_factor": 0.23124349167646777
      }
    },
    {
      "params": {
        "atr_length": 20,
        "factor": 2.0,
        "config_path": "src/tests/fixtures/indicator_settings.json",
        "initial_capital": 10000.0,
        "position_size_pct": 10.0,
        "commission_pct": 0.1,
        "slippage_pct": 0.05,
        "max_positions": 1
      },
      "metrics": {
        "total_return_pct": -2.01082758795319,
        "annualized_return_pct": -4.822706306741464,
        "win_rate": 0.3333333333333333,
        "max_drawdown": 2.320030665164118,
        "sharpe_ratio": -2.7780916810346077,
        "total_trades": 3,
        "profitable_trades": 1,
        "avg_profit_trade": 21.75598252268099,
        "avg_loss_trade": -111.41937065900021,
        "largest_win": 21.75598252268099,
        "largest_loss": -199.70678767845772,
        "avg_trade_duration_hours": 888.0,
        "profit_factor": 0.09763105999434037
      }
    },
    {
      "params": {
        "atr_length": 14,
        "factor": 2.0,
        "config_path": "src/tests/fixtures/indicator_settings.json",
        "initial_capital": 10000.0,
        "position_size_pct": 10.0,
        "commission_pct": 0.1,
        "slippage_pct": 0.05,
        "max_positions": 1
      },
      "metrics": {
        "total_return_pct": -2.200930710345894,
        "annualized_return_pct": -5.271391811679926,
        "win_rate": 0.3333333333333333,
        "max_drawdown": 2.3220134387572675,
        "sharpe_ratio": -3.0072023836635258,
        "total_trades": 3,
        "profitable_trades": 1,
        "avg_profit_trade": 2.3133537379004507,
        "avg_loss_trade": -111.20321238624493,
        "largest_win": 2.3133537379004507,
        "largest_loss": -199.31934809746963,
        "avg_trade_duration_hours": 928.0,
        "profit_factor": 0.010401469922763655
      }
    },
    {
      "params": {
        "atr_length": 10,
        "factor": 2.0,
        "config_path": "src/tests/fixtures/indicator_settings.json",
        "initial_capital": 10000.0,
        "position_size_pct": 10.0,
        "commission_pct": 0.1,
        "slippage_pct": 0.05,
        "max_positions": 1
      },
      "metrics": {
        "total_return_pct": -2.3367798406033535,
        "annualized_return_pct": -5.591261020080262,
        "win_rate": 0.0,
        "max_drawdown": 2.3701147705050816,
        "sharpe_ratio": -3.1366368128094693,
        "total_trades": 3,
        "profitable_trades": 0,
        "avg_profit_trade": 0,
        "avg_loss_trade": -77.89266135344513,
        "largest_win": 0,
        "largest_loss": -199.04248084015114,
        "avg_trade_duration_hours": 968.0,
        "profit_factor": 0.0
      }
    },
    {
      "params": {
        "atr_length": 14,
        "factor": 4.0,
        "config_path": "src/tests/fixtures/indicator_settings.json",
        "initial_capital": 10000.0,
        "position_size_pct": 10.0,
        "commission_pct": 0.1,
        "slippage_pct": 0.05,
        "max_positions": 1
      },
      "metrics": {
        "total_return_pct": -1.4747012209983756,
        "annualized_return_pct": -3.5505954789219696,
        "win_rate": 0.0,