{
  "test_id": "optimization_20250226_102944",
  "timestamp": "20250226_102944",
  "strategy_class": "SupertrendIndicator",
  "metric_name": "sharpe_ratio",
  "higher_is_better": true,
  "total_combinations": 9,
  "best_params": {
    "atr_length": 14,
    "factor": 4.0,
    "config_path": "src/tests/fixtures/indicator_settings.json",
    "initial_capital": 10000.0,
    "position_size_pct": 10.0,
    "commission_pct": 0.1,
    "slippage_pct": 0.05,
    "max_positions": 1
  },
  "best_metrics": {
    "total_return_pct": -0.1969078187826212,
    "annualized_return_pct": -0.4784663987872473,
    "win_rate": 0.6666666666666666,
    "max_drawdown": 1.7043843174830375,
    "sharpe_ratio": -0.2549147665906994,
    "total_trades": 3,
    "profitable_trades": 2,
    "avg_profit_trade": 64.01252760814614,
    "avg_loss_trade": -147.71583709455476,
    "largest_win": 75.43019485319942,
    "largest_loss": -147.71583709455476,
    "avg_trade_duration_hours": 832.0,
    "profit_factor": 0.8666982344915518
  },
  "all_results": [
    {
      "params": {
        "atr_length": 14,
        "factor": 4.0,
        "config_path": "src/tests/fixtures/indicator_settings.json",
        "initial_capital": 10000.0,
        "position_size_pct": 10.0,
        "commission_pct": 0.1,
        "slippage_pct": 0.05,
        "max_positions": 1
      },
      "metrics": {
        "total_return_pct": -0.1969078187826212,
        "annualized_return_pct": -0.4784663987872473,
        "win_rate": 0.6666666666666666,
        "max_drawdown": 1.7043843174830375,
        "sharpe_ratio": -0.2549147665906994,
        "total_trades": 3,
        "profitable_trades": 2,
        "avg_profit_trade": 64.01252760814614,
        "avg_loss_trade": -147.71583709455476,
        "largest_win": 75.43019485319942,
        "largest_loss": -147.71583709455476,
        "avg_trade_duration_hours": 832.0,
        "profit_factor": 0.8666982344915518
      }
    },
    {
      "params": {
        "atr_length": 10,
        "factor": 4.0,
        "config_path": "src/tests/fixtures/indicator_settings.json",
        "initial_capital": 10000.0,
        "position_size_pct": 10.0,
        "commission_pct": 0.1,
        "slippage_pct": 0.05,
        "max_positions": 1
      },
      "metrics": {
        "total_return_pct": -0.22454902752224726,
        "annualized_return_pct": -0.5455236106405303,
        "win_rate": 0.6666666666666666,
        "max_drawdown": 1.705405404987145,
        "sharpe_ratio": -0.28600219802700805,
        "total_trades": 3,
        "profitable_trades": 2,
        "avg_profit_trade": 62.610011671250845,
        "avg_loss_trade": -147.67492609472458,
        "largest_win": 62.655490276733,
        "largest_loss": -147.67492609472458,
        "avg_trade_duration_hours": 880.0,
        "profit_factor": 0.8479437007619057
      }
    },
    {
      "params": {
        "atr_length": 14,
        "factor": 3.0,
        "config_path": "src/tests/fixtures/indicator_settings.json",
        "initial_capital": 10000.0,
        "position_size_pct": 10.0,
        "commission_pct": 0.1,
        "slippage_pct": 0.05,
        "max_positions": 1
      },
      "metrics": {
        "total_return_pct": -1.150132771586354,
        "annualized_return_pct": -2.7756265406319147,
        "win_rate": 0.6666666666666666,
        "max_drawdown": 1.7848991186966465,
        "sharpe_ratio": -1.478838247993977,
        "total_trades": 3,
        "profitable_trades": 2,
        "avg_profit_trade": 22.605068738321194,
        "avg_loss_trade": -160.22341463527937,
        "largest_win": 30.234367850600552,
        "largest_loss": -160.22341463527937,
        "avg_trade_duration_hours": 896.0,
        "profit_factor": 0.28216935445768254
      }
    },
    {
      "params": {
        "atr_length": 20,
        "factor": 3.0,
        "config_path": "src/tests/fixtures/indicator_settings.json",
        "initial_capital": 10000.0,
        "position_size_pct": 10.0,
        "commission_pct": 0.1,
        "slippage_pct": 0.05,
        "max_positions": 1
      },
      "metrics": {
        "total_return_pct": -1.1752274771640758,
        "annualized_return_pct": -2.8356752605733115,
        "win_rate": 0.6666666666666666,
        "max_drawdown": 1.8812908673840567,
        "sharpe_ratio": -1.5437967199128138,
        "total_trades": 3,
        "profitable_trades": 2,
        "avg_profit_trade": 25.972683909148216,
        "avg_loss_trade": -169.46811553470351,
        "largest_win": 44.892541711826,
        "largest_loss": -169.46811553470351,
        "avg_trade_duration_hours": 824.0,
        "profit_factor": 0.3065200061639861
      }
    },
    {
      "params": {
        "atr_length": 10,
        "factor": 3.0,
        "config_path": "src/tests/fixtures/indicator_settings.json",
        "initial_capital": 10000.0,
        "position_size_pct": 10.0,
        "commission_pct": 0.1,
        "slippage_pct": 0.05,
        "max_positions": 1
      },
      "metrics": {
        "total_return_pct": -1.2868599390481572,
        "annualized_return_pct": -3.102534015119829,
        "win_rate": 0.6666666666666666,
        "max_drawdown": 2.061204165612987,
        "sharpe_ratio": -1.6268887669037506,
        "total_trades": 3,
        "profitable_trades": 2,
        "avg_profit_trade": 26.7551809497352,
        "avg_loss_trade": -182.19635580428547,
        "largest_win": 36.841443747306876,
        "largest_loss": -182.19635580428547,
        "avg_trade_duration_hours": 912.0,
        "profit_factor": 0.2936961151788952
      }
    },
    {
      "params": {
        "atr_length": 20,
        "factor": 2.0,
        "config_path": "src/tests/fixtures/indicator_settings.json",
        "initial_capital": 10000.0,
        "position_size_pct": 10.0,
        "commission_pct": 0.1,
        "slippage_pct": 0.05,
        "max_positions": 1
      },
      "metrics": {
        "total_return_pct": -1.7273114192561279,
        "annualized_return_pct": -4.151223838392514,
        "win_rate": 0.3333333333333333,
        "max_drawdown": 2.160240266502606,
        "sharpe_ratio": -2.252555538279658,
        "total_trades": 3,
        "profitable_trades": 1,
        "avg_profit_trade": 21.646970856413446,
        "avg_loss_trade": -97.18905639101334,
        "largest_win": 21.646970856413446,
        "largest_loss": -181.38340775549534,
        "avg_trade_duration_hours": 880.0,
        "profit_factor": 0.11136526919925446
      }
    },
    {
      "params": {
        "atr_length": 14,
        "factor": 2.0,
        "config_path": "src/tests/fixtures/indicator_settings.json",
        "initial_capital": 10000.0,
        "position_size_pct": 10.0,
        "commission_pct": 0.1,
        "slippage_pct": 0.05,
        "max_positions": 1
      },
      "metrics": {
        "total_return_pct": -2.2480268105944945,
        "annualized_return_pct": -5.382356063442318,
        "win_rate": 0.0,
        "max_drawdown": 2.37651008619594,
        "sharpe_ratio": -2.8209954482123223,
        "total_trades": 3,
        "profitable_trades": 0,
        "avg_profit_trade": 0,
        "avg_loss_trade": -74.93422701981625,
        "largest_win": 0,
        "largest_loss": -180.42231537555006,
        "avg_trade_duration_hours": 992.0,
        "profit_factor": 0.0
      }
    },
    {
      "params": {
        "atr_length": 20,
        "factor": 4.0,
        "config_path": "src/tests/fixtures/indicator_settings.json",
        "initial_capital": 10000.0,
        "position_size_pct": 10.0,
        "commission_pct": 0.1,
        "slippage_pct": 0.05,
        "max_positions": 1
      },
      "metrics": {
        "total_return_pct": -1.4584860946653677,
        "annualized_return_pct": -3.5119654570164527,
        "win_rate": 0.0,