{
  "test_id": "optimization_20250226_103815",
  "timestamp": "20250226_103815",
  "strategy_class": "SupertrendIndicator",
  "metric_name": "sharpe_ratio",
  "higher_is_better": true,
  "total_combinations": 9,
  "best_params": {
    "atr_length": 10,
    "factor": 4.0,
    "config_path": "src/tests/fixtures/indicator_settings.json",
    "initial_capital": 10000.0,
    "position_size_pct": 10.0,
    "commission_pct": 0.1,
    "slippage_pct": 0.05,
    "max_positions": 1
  },
  "best_metrics": {
    "total_return_pct": -0.754279825741544,
    "annualized_return_pct": -1.8255034164680217,
    "win_rate": 0.6666666666666666,
    "max_drawdown": 1.5499119225420233,
    "sharpe_ratio": -0.9729030154600824,
    "total_trades": 3,
    "profitable_trades": 2,
    "avg_profit_trade": 37.994038953452474,
    "avg_loss_trade": -151.41606048105845,
    "largest_win": 46.55998722978786,
    "largest_loss": -151.41606048105845,
    "avg_trade_duration_hours": 896.0,
    "profit_factor": 0.5018495241884249
  },
  "all_results": [
    {
      "params": {
        "atr_length": 10,
        "factor": 4.0,
        "config_path": "src/tests/fixtures/indicator_settings.json",
        "initial_capital": 10000.0,
        "position_size_pct": 10.0,
        "commission_pct": 0.1,
        "slippage_pct": 0.05,
        "max_positions": 1
      },
      "metrics": {
        "total_return_pct": -0.754279825741544,
        "annualized_return_pct": -1.8255034164680217,
        "win_rate": 0.6666666666666666,
        "max_drawdown": 1.5499119225420233,
        "sharpe_ratio": -0.9729030154600824,
        "total_trades": 3,
        "profitable_trades": 2,
        "avg_profit_trade": 37.994038953452474,
        "avg_loss_trade": -151.41606048105845,
        "largest_win": 46.55998722978786,
        "largest_loss": -151.41606048105845,
        "avg_trade_duration_hours": 896.0,
        "profit_factor": 0.5018495241884249
      }
    },
    {
      "params": {
        "atr_length": 14,
        "factor": 4.0,
        "config_path": "src/tests/fixtures/indicator_settings.json",
        "initial_capital": 10000.0,
        "position_size_pct": 10.0,
        "commission_pct": 0.1,
        "slippage_pct": 0.05,
        "max_positions": 1
      },
      "metrics": {
        "total_return_pct": -0.8939138992817952,
        "annualized_return_pct": -2.1612734009870405,
        "win_rate": 0.6666666666666666,
        "max_drawdown": 1.8634236947127378,
        "sharpe_ratio": -1.2048962107583474,
        "total_trades": 3,
        "profitable_trades": 2,
        "avg_profit_trade": 41.24848869672405,
        "avg_loss_trade": -171.8883673216285,
        "largest_win": 50.59200158933198,
        "largest_loss": -171.8883673216285,
        "avg_trade_duration_hours": 840.0,
        "profit_factor": 0.47994508691262444
      }
    },
    {
      "params": {
        "atr_length": 14,
        "factor": 3.0,
        "config_path": "src/tests/fixtures/indicator_settings.json",
        "initial_capital": 10000.0,
        "position_size_pct": 10.0,
        "commission_pct": 0.1,
        "slippage_pct": 0.05,
        "max_positions": 1
      },
      "metrics": {
        "total_return_pct": -1.1379125621769681,
        "annualized_return_pct": -2.7463770846722024,
        "win_rate": 0.6666666666666666,
        "max_drawdown": 1.7792739991734796,
        "sharpe_ratio": -1.476088044334895,
        "total_trades": 3,
        "profitable_trades": 2,
        "avg_profit_trade": 28.364468672665698,
        "avg_loss_trade": -170.52019356302935,
        "largest_win": 35.52453479896185,
        "largest_loss": -170.52019356302935,
        "avg_trade_duration_hours": 904.0,
        "profit_factor": 0.3326816382269862
      }
    },
    {
      "params": {
        "atr_length": 20,
        "factor": 3.0,
        "config_path": "src/tests/fixtures/indicator_settings.json",
        "initial_capital": 10000.0,
        "position_size_pct": 10.0,
        "commission_pct": 0.1,
        "slippage_pct": 0.05,
        "max_positions": 1
      },
      "metrics": {
        "total_return_pct": -1.15658016648853,
        "annualized_return_pct": -2.7910564948964045,
        "win_rate": 0.6666666666666666,
        "max_drawdown": 1.7792739991734616,
        "sharpe_ratio": -1.5441564118241604,
        "total_trades": 3,
        "profitable_trades": 2,
        "avg_profit_trade": 27.41498924462418,
        "avg_loss_trade": -170.48799513810164,
        "largest_win": 33.62957985789475,
        "largest_loss": -170.48799513810164,
        "avg_trade_duration_hours": 880.0,
        "profit_factor": 0.3216060957537452
      }
    },
    {
      "params": {
        "atr_length": 10,
        "factor": 3.0,
        "config_path": "src/tests/fixtures/indicator_settings.json",
        "initial_capital": 10000.0,
        "position_size_pct": 10.0,
        "commission_pct": 0.1,
        "slippage_pct": 0.05,
        "max_positions": 1
      },
      "metrics": {
        "total_return_pct": -1.5553027600363922,
        "annualized_return_pct": -3.7424809367800904,
        "win_rate": 0.6666666666666666,
        "max_drawdown": 1.7792739991734636,
        "sharpe_ratio": -1.943011250439825,
        "total_trades": 3,
        "profitable_trades": 2,
        "avg_profit_trade": 7.134995424809443,
        "avg_loss_trade": -169.80026685325743,
        "largest_win": 8.575013400126963,
        "largest_loss": -169.80026685325743,
        "avg_trade_duration_hours": 968.0,
        "profit_factor": 0.08403986115022488
      }
    },
    {
      "params": {
        "atr_length": 20,
        "factor": 2.0,
        "config_path": "src/tests/fixtures/indicator_settings.json",
        "initial_capital": 10000.0,
        "position_size_pct": 10.0,
        "commission_pct": 0.1,
        "slippage_pct": 0.05,
        "max_positions": 1
      },
      "metrics": {
        "total_return_pct": -2.097939862120546,
        "annualized_return_pct": -5.028465605186916,
        "win_rate": 0.3333333333333333,
        "max_drawdown": 2.205443966456903,
        "sharpe_ratio": -2.667175559118468,
        "total_trades": 3,
        "profitable_trades": 1,
        "avg_profit_trade": 1.9835325607878675,
        "avg_loss_trade": -105.88875938642157,
        "largest_win": 1.9835325607878675,
        "largest_loss": -196.98478968177264,
        "avg_trade_duration_hours": 936.0,
        "profit_factor": 0.009366114837313987
      }
    },
    {
      "params": {
        "atr_length": 14,
        "factor": 2.0,
        "config_path": "src/tests/fixtures/indicator_settings.json",
        "initial_capital": 10000.0,
        "position_size_pct": 10.0,
        "commission_pct": 0.1,
        "slippage_pct": 0.05,
        "max_positions": 1
      },
      "metrics": {
        "total_return_pct": -2.281974147099941,
        "annualized_return_pct": -5.462292688914094,
        "win_rate": 0.0,
        "max_drawdown": 2.4412285150887914,
        "sharpe_ratio": -2.8479058151938625,
        "total_trades": 3,
        "profitable_trades": 0,
        "avg_profit_trade": 0,
        "avg_loss_trade": -76.0658049033308,
        "largest_win": 0,
        "largest_loss": -196.61450171367633,
        "avg_trade_duration_hours": 968.0,
        "profit_factor": 0.0
      }
    },
    {
      "params": {
        "atr_length": 10,
        "factor": 2.0,
        "config_path": "src/tests/fixtures/indicator_settings.json",
        "initial_capital": 10000.0,
        "position_size_pct": 10.0,
        "commission_pct": 0.1,
        "slippage_pct": 0.05,
        "max_positions": 1
      },
      "metrics": {
        "total_return_pct": -2.3750147083927753,
        "annualized_return_pct": -5.6811736071220365,
        "win_rate": 0.0,